shapeid,MP,Constituency,Region,Party,MP's Religion,Denomination,Lat,Long,Dominant Religion
1,Kobina Tahir Hammond,Adansi Asokwa,Ashanti Region,NPP,Islam,,6.184581837,-1.435181597,Christian
2,Nana Marfo Amaniampong,Afigya Kwabre North,Ashanti Region,NPP,Christian,Baptist,6.989100871,-1.611305394,Christian
3,William Owuraku Aidoo,Afigya Kwabre South,Ashanti Region,NPP,Christian,Catholic,6.808038536,-1.591580013,Christian
4,David Hennric Yeboah,Afigya Sekyere East,Ashanti Region,NPP,Christian,Calvary Charismatic Church,6.983888401,-1.506777731,Christian
5,Kwasi Adusei,Ahafo Ano North,Ashanti Region,NDC,Christian,Church of Pentecost,6.912121016,-2.201639978,Christian
6,Francis Manu-Adabor,Ahafo Ano South East,Ashanti Region,NPP,Christian,Catholic,6.943955965,-1.881938639,Christian
7,Johnson Kwaku Adu,Ahafo Ano South West,Ashanti Region,NPP,Christian,Church of Pentecost,6.890499004,-2.036892801,Christian
8,Kwabena Appiah-Pinkrah,Akrofuom,Ashanti Region,NPP,Christian,Methodist,6.113014484,-1.614606601,Christian
9,Kwame Anyimadu-Antwi,Asante Akim Central,Ashanti Region,NPP,Christian,Presbyterian,6.626616206,-1.207860103,Christian
10,Agyemang Kwadwo Baah,Asante Akim North,Ashanti Region,NPP,Christian,Resurrection Power Living Bread Christian Center,6.846473061,-0.977316997,Christian
11,Kwaku Asante-Boateng,Asante Akim South,Ashanti Region,NPP,Christian,Assemblies of God,6.490152152,-1.104718418,Christian
12,Mubarak Mohammed Muntaka (Alhaji),Asawase,Ashanti Region,NDC,Islam,,6.682698577,-1.589327239,Christian
13,Appiagyei Patricia,Asokwa,Ashanti Region,NPP,Christian,Catholic,6.64022228,-1.583681838,Christian
14,Kojo Appiah-Kubi (Dr),Atwima Kwanwoma,Ashanti Region,NPP,Christian,Catholic,6.592025185,-1.70056659,Christian
15,Isaac Kwame Asiamah,Atwima Mponua,Ashanti Region,NPP,Christian,Anglican,6.569152429,-2.166441788,Christian
16,Benito Owusu-Bio,Atwima Nwabiagya North,Ashanti Region,NPP,Christian,Anglican,6.872056188,-1.758244839,Christian
17,Anthony Boakye Osei,Atwima Nwabiagya South,Ashanti Region,NPP,Christian,Catholic,6.688509617,-1.821644729,Christian
18,Henry Kwabena Kokofu,Bantama,Ashanti Region,NPP,Christian,Anglican,6.733092818,-1.64152905,Christian
19,"Joseph Osei-Owusu,",Bekwai,Ashanti Region,NPP,Christian,Catholic,6.417357753,-1.607229717,Christian
20,Kwadwo Frimpong Kyei,Bosome Freho,Ashanti Region,NPP,Christian,Catholic,6.345706431,-1.355016382,Christian
21,Simon Osei-Mensah,Bosomtwe,Ashanti Region,NPP,Christian,Catholic,6.552244538,-1.46227578,Christian
22,Frank Boakye Agyen,Effiduase-Asokore,Ashanti Region,NPP,Christian,Presby,6.79347409,-1.29793305,Christian
23,Kwabena Owusu-Aduomi,Ejisu,Ashanti Region,NPP,Christian,Deeper Life Church,6.576205267,-1.330997969,Christian
24,Mohammed Salisu Bamba,Ejura Sekyedumase,Ashanti Region,NPP,Islam,,7.381656014,-1.428467906,Christian
25,Daniel Kingsley Atta Boafo,Fomena,Ashanti Region,NPP,Islam,,6.286162663,-1.551297346,Christian
26,Ama Pomaa Boateng,Juaben,Ashanti Region,NPP,Christian,Methodist,6.714796518,-1.394989467,Christian
27,Philip Basoah,Kumawu,Ashanti Region,NPP,Christian,Liberation Christian Centre,7.06598726,-0.955365645,Christian
28,Kofi Frimpong,Kwabre East,Ashanti Region,NPP,Christian,Seventh- Day Adventist,6.805026665,-1.492189642,Christian
29,Owusu Afriyie Akoto (Dr),Kwadaso,Ashanti Region,NPP,Christian,Catholic,6.733614637,-1.681974486,Christian
30,Francis Addai-Nimoh,Mampong,Ashanti Region,NPP,Christian,Methodist,7.14004524,-1.391123253,Islam
31,Collins Owusu Amankwah,Manhyia North,Ashanti Region,NPP,Christian,Faith Gospel Church,6.734936171,-1.535506521,Christian
32,Matthew Opoku Prempeh (Dr.),Manhyia South,Ashanti Region,NPP,Christian,Anglican,6.707659783,-1.532843545,Christian
33,Frimpong Yaw Addo,Manso Adubia,Ashanti Region,NPP,Christian,Catholic,6.459137704,-1.83398148,Christian
34,Grace Addo (Ms),Manso Nkwanta,Ashanti Region,NPP,Christian,Catholic,6.288603305,-1.98713527,Christian
35,Ernest kofi Yakah,New Edubiase,Ashanti Region,NDC,Christian,Assemblies of God,5.994919128,-1.360821077,Christian
36,Richard W. Anane (Dr),Nhyiaeso,Ashanti Region,NPP,Christian,Catholic,6.683660451,-1.672426446,Christian
37,Kwame Asafu-Adjei,Nsuta-Kwamang-Beposo,Ashanti Region,NPP,Christian,Presby,7.256379182,-1.112501352,Christian
38,"Edward M Ennin,",Obuasi East,Ashanti Region,NPP,Christian,Methodist,5.968633328,-1.606419891,Christian
39,Kwaku Agyeman Kwarteng,Obuasi West,Ashanti Region,NPP,Christian,Catholic,6.014607865,-1.725312138,Christian
40,Emmanuel Akwasi Gyamfi,Odotobiri,Ashanti Region,NPP,Christian,Catholic,6.195541793,-1.802281254,Christian
41,Augustine Collins Ntim,Offinso North,Ashanti Region,NPP,Christian,Methodist,7.331850478,-1.879662482,Christian
42,Ben Abdallah Banda,Offinso South,Ashanti Region,NPP,Islam,n/a,7.066527527,-1.727519806,Christian
43,Elizabeth Agyeman (Ms),Oforikrom,Ashanti Region,NPP,Christian,Catholic,6.662731748,-1.524993209,Christian
44,Anthony Akoto Osei (Dr),Old Tafo,Ashanti Region,NPP,Christian,Catholic,6.725970397,-1.602951814,Christian
45,Alex Adomako-Mensah,Sekyere Afram Plains,Ashanti Region,NDC,Christian,Presby,7.255133511,-0.569799843,Christian
46,"Osei Kyei-Mensah-Bonsu,",Suame,Ashanti Region,NPP,Christian,Assemblies of God,6.720180927,-1.566816321,Christian
47,Isaac Osei,Subin,Ashanti Region,NPP,Christian,Catholic,6.673290311,-1.63713807,Christian
48,Robert Sarfo-Mensah,Asunafo North,Brong Ahafo Region,NPP,Christian,Church of Pentecost,6.815676388,-2.694782877,Christian
49,Eric Opoku,Asunafo South,Brong Ahafo Region,NDC,Christian,,6.606945896,-2.515728976,Christian
50,Joseph Benhazin Dahah,Asutifi North,Brong Ahafo Region,NPP,Christian,Catholic,7.044517825,-2.513790792,Christian
51,Collins Dauda (Alhaji),Asutifi South,Brong Ahafo Region,NDC,Islam,,6.815874459,-2.384609756,Christian
52,Nanja Sanja,Atebubu-Amantin,Brong Ahafo Region,NDC,Christian,Assemblies of God,7.651305975,-1.050230071,Christian
53,Ahmed Ibrahim,Banda,Brong Ahafo Region,NDC,Christian,Church of Pentecost,8.391841445,-2.412139186,Christian
54,Dr. Kwabena Twum-Nuamah,Berekum East,Brong Ahafo Region,NPP,Christian,Methodist,7.529539326,-2.545384567,Christian
55,Kwaku Agyenim-Boateng,Berekum West,Brong Ahafo Region,NPP,Christian,Presby,7.443757758,-2.679778841,Christian
56,Kwaku Agyemang-Manu,Dormaa Central,Brong Ahafo Region,NPP,Christian,Methodist,7.163451517,-2.862423977,Christian
57,William Kwasi Sabi,Dormaa East,Brong Ahafo Region,NPP,Christian,Catholic,7.291691231,-2.715488216,Christian
58,Vincent Oppong Asamoah,Dormaa West,Brong Ahafo Region,NDC,Christian,Catholic,7.002156403,-2.942248732,Christian
59,Stevens Siaka,Jaman North,Brong Ahafo Region,NPP,Christian,Catholic,7.905900175,-2.646764322,Christian
60,Yaw Maama Afful,Jaman South,Brong Ahafo Region,NPP,Christian,Presby,7.647180799,-2.791605737,Christian
61,Stephen Kunsu,Kintampo North,Brong Ahafo Region,NDC,Christian,Presby,8.489426982,-1.536781241,Christian
62,Yaw Effah-Baafi,Kintampo South,Brong Ahafo Region,NDC,Christian,Church of Pentecost,8.029020719,-1.72007657,Christian
63,Derek Oduro (Maj. [Rtd]),Nkoranza North,Brong Ahafo Region,NPP,Christian,Seventh- Day Adventist,7.703449909,-1.519296854,Christian
64,Emmanuel Kwadwo Agyekum,Nkoranza South,Brong Ahafo Region,NDC,Christian,Seventh- Day Adventist,7.483137229,-1.654769065,Christian
65,Kwabena Donkor (Dr),Pru East,Brong Ahafo Region,NDC,Christian,ICGC,8.073868407,-0.881801208,Christian
66,Masawud Mohammed (Alhaji),Pru West,Brong Ahafo Region,NDC,Islam,,8.029351717,-1.274458263,Christian
67,Dominic Napare,Sene East,Brong Ahafo Region,NDC,Christian,Catholic,7.549318087,-0.145708831,Christian
68,Twumasi Kwame Ampofo,Sene West,Brong Ahafo Region,NDC,Christian,,7.777284018,-0.595786373,Christian
69,Kwasi Ameyaw-Cheremeh,Sunyani East,Brong Ahafo Region,NPP,Christian,Presby,7.236224009,-2.334608247,Christian
70,Ignatius Baffour Awuah,Sunyani West,Brong Ahafo Region,NPP,Christian,Catholic,7.41650891,-2.34606821,Christian
71,Kwasi Agyemang Gyan-Tutu,Tain,Brong Ahafo Region,NDC,Christian,Seventh- Day Adventist,7.889332539,-2.37730393,Christian
72,Freda Akosua Oheneafrewo Prempeh,Tano North,Brong Ahafo Region,NPP,Christian,Lighthouse Chapel International,7.200998796,-2.182649367,Christian
73,Hanna Louisa Bisiw (Dr.),Tano South,Brong Ahafo Region,NDC,Christian,Church of Pentecost,7.16316339,-2.018821859,Christian
74,Alex Kyeremeh,Techiman North,Brong Ahafo Region,NDC,Christian,Catholic,7.73190405,-1.947273011,Christian
75,Mensah Adjei,Techiman South,Brong Ahafo Region,NDC,Christian,Seventh- Day Adventist,7.527292298,-1.946894288,Christian
76,George Yaw Gyan-Baffour (Prof),Wenchi,Brong Ahafo Region,NPP,Christian,Catholic,7.736366498,-2.126992353,Christian
77,Anthony Christian Dadzie,Abura-Asebu-Kwamankese,Central Region,NDC,Christian,Catholic,5.262994179,-1.206614682,Christian
78,Queenstar Pokuah Sawyerr (Mrs),Agona East,Central Region,NDC,Christian,Anglican,5.616482712,-0.680729599,Christian
79,Charles Obeng-Inkoom,Agona West,Central Region,NDC,Christian,Church of Pentecost,5.620976058,-0.813322938,Christian
80,Cassiel Ato Forson,Ajumako-Enyan-Esiam,Central Region,NDC,Christian,Methodist,5.413098917,-0.992323843,Christian
81,Georgina Nkrumah Aboah (Mrs),Asikuma-Odoben-Brakwa,Central Region,NDC,Christian,Methodist,5.640025006,-1.018220337,Christian
83,Samuel Ambre,Assin North,Central Region,NDC,Christian,Methodist,5.598940054,-1.303812949,Christian
82,Ken Ohene Agyapong,Assin Central,Central Region,NPP,Christian,Methodist,5.783596403,-1.360848331,Christian
84,Dominic K. Fobih (Prof),Assin South,Central Region,NPP,Christian,Catholic,5.456344109,-1.253102818,Christian
85,Hawa Mavis Koomson (Mrs),Awutu Senya East,Central Region,NPP,Christian,Methodist,5.527776123,-0.468922559,Christian
86,Hanna Serwaah Tetteh (Ms),Awutu Senya West,Central Region,NDC,Christian,Methodist,5.647661895,-0.565124965,Christian
87,Ebo Barton-Odro,Cape Coast North,Central Region,NDC,Christian,Methodist,5.217345023,-1.341938673,Christian
88,Kweku Ricketts-Hagan,Cape Coast South,Central Region,NDC,Christian,Methodist,5.144413245,-1.291215711,Christian
89,Alexander Kwamina Afenyo-Markin,Effutu,Central Region,NPP,Christian,Catholic,5.33389364,-0.697456397,Christian
90,Abeiku Crentsil,Ekumfi,Central Region,NDC,Christian,Methodist,5.2516283,-0.96817075,Christian
91,Rachel Florence Appoh (Ms),Gomoa Central,Central Region,NDC,Christian,Church of Pentecost,5.317763544,-0.772454789,Christian
92,Ekow Panyin Okyere Eduamoah,Gomoa East,Central Region,NDC,Christian,Methodist,5.44337241,-0.657124678,Christian
93,Francis Kojo Arthur,Gomoa West,Central Region,NDC,Christian,Catholic,5.337032717,-0.860190105,Christian
94,Foster Joseph Andoh,Hermang Lower Denkyira,Central Region,NDC,Christian,Assemblies of God,5.645821968,-1.594830351,Christian
95,Stephen Nana Ato Arthur (Dr),KEEA,Central Region,NPP,Christian,Catholic,5.125755149,-1.448111153,Christian
96,Aquinas Quansah,Mfantseman,Central Region,NDC,Christian,Harvest Chapel International,5.251500843,-1.095208248,Christian
97,Ato Samuel Amoah,Twifo-Atii Morkwaa,Central Region,NDC,Christian,Seventh- Day Adventist,5.368347984,-1.436602082,Christian
98,Nana Amoakoh,Upper Denkyira East,Central Region,NPP,Christian,Catholic,5.849061401,-1.754703171,Christian
99,Benjamin Kofi Ayeh,Upper Denkyira West,Central Region,NPP,Christian,LDS,6.126902301,-2.029283345,Christian
100,Bryan Acheampong,Abetifi,Eastern Region,NPP,Christian,,6.737793693,-0.769087498,Christian
101,Esther Obeng Dappah(Ms),Abirem,Eastern Region,NPP,Christian,Church of Pentecost,6.405173869,-0.969321551,Christian
102,Gifty Twum-Ampofo,Abuakwa North,Eastern Region,NPP,Christian,NA,6.189577099,-0.412611059,Christian
103,Samuel Atta Akyea,Abuakwa South,Eastern Region,NPP,Christian,ICGC,6.161982243,-0.544647426,Christian
104,Robert Kwasi Amoah,Achiase,Eastern Region,NPP,Christian,Presby,5.808786944,-1.096824798,Christian
105,Aboagye Emmanuel Didieye,Afram Plains North,Eastern Region,NDC,Christian,Presby,7.025584832,0.034832566,Christian
106,Joseph Appiah Boateng,Afram Plains South,Eastern Region,NDC,Christian,Church of Pentecost,6.842665424,-0.260567319,Christian
107,William Agyapong Quaittoo,Akim Oda,Eastern Region,NPP,Christian,Baptist,5.861199177,-0.903025927,Christian
108,Kennedy Nyarko Osei,Akim Swedru,Eastern Region,NPP,Christian,ICGC,5.855611034,-1.051899984,Christian
109,William Ofori Boafo,Akwapem North,Eastern Region,NPP,Christian,Presby,5.939642271,-0.181322632,Christian
110,Osei Bonsu Amoah,Akwapem South,Eastern Region,NPP,Christian,Methodist,5.844911713,-0.22960354,Christian
111,Baba Jamal Mohammed Ahmed,Akwatia,Eastern Region,NDC,Islam,,6.044815247,-0.799506051,Islam
112,Yaw Owusu-Boateng,Asene-Akroso-Manso,Eastern Region,NPP,Christian,Methodist,5.881804089,-0.804819253,Christian
113,Kofi Osei-Ameyaw,Asuogyaman,Eastern Region,NPP,Christian,,6.38532976,0.080023952,Christian
114,Abena Osei-Asare (Mrs),Atiwa East,Eastern Region,NPP,Christian,Methodist,6.346113985,-0.609249421,Christian
115,Kwasi Amoako-Attah,Atiwa West,Eastern Region,NPP,Christian,Presby,6.335685182,-0.760959626,Christian
116,Samuel Ayeh-Paye,Ayensuano,Eastern Region,NPP,Christian,Presby,5.914792279,-0.493368291,Christian
117,Amankwa Kwabena Asiamah,Fanteakwa North,Eastern Region,NPP,Christian,Presby,6.533392483,-0.312065862,Christian
118,Kofi Okyere-Agyekum,Fanteakwa South,Eastern Region,NPP,Christian,Presby,6.354268091,-0.387496089,Christian
119,Ofosu Asamoah,Kade,Eastern Region,NPP,Christian,Presby,6.198224908,-0.84013144,Christian
120,Ebenezer Okletey Terlabi,Lower Manya Krobo,Eastern Region,NDC,Christian,Church of Pentecost,6.242627317,-0.032350648,Christian
121,Gifty Klenam (Ms),Lower West Akim,Eastern Region,NPP,Christian,ICGC,5.794412073,-0.592436663,Christian
122,Kwame Seth Acheampong,Mpraeso,Eastern Region,NPP,Christian,Presby,6.597308865,-0.588210794,Christian
123,Kwasi Boateng Adjei,New Juaben North,Eastern Region,NPP,Christian,Methodist,6.141956977,-0.29659421,Christian
124,Mark Assibey-Yeboah (Dr),New Juaben South,Eastern Region,NPP,Christian,Presby,6.075441746,-0.26139088,Christian
125,Eric Kwakye Darfour,Nkawkaw,Eastern Region,NPP,Christian,ISKCON,6.516523716,-0.778617074,Christian
126,Frank Annoh-Dompreh,Nsawam-Adoagyiri,Eastern Region,NPP,Christian,Church of Pentecost,5.78542372,-0.310044253,Christian
127,David Oppon-Kusi,Ofoase-Ayirebi,Eastern Region,NPP,Christian,Methodist,6.105516589,-1.091223078,Christian
128,Daniel Botwe,Okere,Eastern Region,NPP,Christian,Presby,6.03373341,-0.123745944,Christian
129,Frederick Opare-Ansah,Suhum,Eastern Region,NPP,Christian,,6.020746536,-0.41033906,Christian
130,Jeff Tetteh Kavianu,Upper Manya Krobo,Eastern Region,NDC,Christian,New Fountain of Life Ministry International,6.435367778,-0.128509462,Christian
131,Joseph Sam Amankwanor,Upper West Akim,Eastern Region,NDC,Christian,Royal House Temple,5.930487441,-0.704451105,Christian
132,Magnus Kofi Amoatey,Yilo Krobo,Eastern Region,NDC,Christian,Presbyterian,6.19723145,-0.173311678,Christian
133,Theophilus Tetteh Chaie,Ablekuma Central,Greater Accra Region,NDC,Christian,Methodist,5.600585134,-0.276514135,Christian
134,Justice Joe Appiah,Ablekuma North,Greater Accra Region,NPP,Christian,Presbyterian church,5.630745757,-0.272532859,Christian
135,Fritz Frederic Baffour,Ablekuma South,Greater Accra Region,NDC,Christian,Catholic,5.567420036,-0.274257267,Christian
136,Ursula G. Owusu-Ekuful (Mrs.),Ablekuma West,Greater Accra Region,NPP,Christian,,5.622890475,-0.318638242,Christian
137,Comfort Doyoe Cudjoe-Ghansah (Mrs.),Ada,Greater Accra Region,NDC,Christian,Methodist,5.868325005,0.545617528,christian
138,Emmanuel Nii Ashie-Moore,Adenta,Greater Accra Region,NDC,Christian,,5.709702043,-0.123891599,Christian
139,Nii Okai Emmanuel Laryea,Amasaman,Greater Accra Region,NDC,Christian,Anglican,5.710992138,-0.262906409,Christian
140,Shirley A. Botchway(Ms),Anyaa-Sowutuom,Greater Accra Region,NPP,Christian,Anglican,5.580460669,-0.331227584,Christian
141,Alfred Kwame Agbesi,Ashaiman,Greater Accra Region,NDC,Christian,Evangelical Presby,5.705225222,-0.027968105,Christian
142,Henry Quartey,Ayawaso Central,Greater Accra Region,NPP,Christian,Power Impact Ministries,5.60799675,-0.181951878,Christian
143,Naser Toure Mahama,Ayawaso East,Greater Accra Region,NDC,Islam,,5.631609715,-0.148157027,Islam
144,Mustapha Ahmed (Maj [Rtd]) (Dr) (Alh),Ayawaso North,Greater Accra Region,NDC,Islam,,5.654076373,-0.175344838,Islam
145,Kyeremateng Emmanuel Agyarko,Ayawaso West Wuogon,Greater Accra Region,NPP,Christian,Presby,5.645310768,-0.201057128,Christian
146,Bright Edward Kodzo Demordzi,Bortianor-Ngleshie Amanfro,Greater Accra Region,NDC,Christian,Overcomers Praise Assembly International,5.694466068,-0.452865023,Christian
147,Nii Amasah Namoale,Dadekotopon,Greater Accra Region,NDC,Christian,Church of Christ,5.566129893,-0.191307836,Christian
148,Daoud Anum Yemoh,Domeabra-Obom,Greater Accra Region,NDC,Islam,,5.698123376,-0.373084731,Islam
149,Sarah Adwoa Safo (Ms),Dome-Kwabenya,Greater Accra Region,NPP,Christian,Kristo Asafo Mission,5.696502697,-0.22455234,Christian
150,Nii Armah Ashietey,Korle Klottey,Greater Accra Region,NDC,Christian,Anglican,5.535843807,-0.26725407,Christian
151,Joseph Nii Laryea Afotey-Agbo,Kpone-Katamanso,Greater Accra Region,NDC,Christian,Presby,5.800519744,-0.017513384,Christian
152,Nii Oakley Quaye-Kumah (Dr),Krowor,Greater Accra Region,NDC,Christian,Presbyterian church,5.592560958,-0.116503942,Christian
153,Benita Sena Okity-Duah (Mrs.),Ledzokuku,Greater Accra Region,NDC,Christian,LDS,5.577450166,-0.156448185,Christian
154,Amadu B. Sorogho (Alhaji),Madina,Greater Accra Region,NDC,Islam,,5.733420944,-0.203228774,Christian
155,Enoch Teye Mensah,Ningo Prampram,Greater Accra Region,NDC,Christian,Methodist,5.836471006,0.195842439,Christian
156,Edwin Nii Lantey Vanderpuye,Odododiodioo,Greater Accra Region,NDC,Christian,World Harvest Church,5.554431083,-0.226700316,Christian
157,Patrick Yaw Boamah,Okaikwei Central,Greater Accra Region,NPP,Christian,Methodist,5.623373997,-0.231201597,Christian
158,Elizabeth K. T. Sackey(Mrs),Okaikwei North,Greater Accra Region,NPP,Christian,Church of Pentecost,5.65164314,-0.233608831,Christian
159,Ahmed Arthur,Okaikwei South,Greater Accra Region,NPP,Christian,ICGC,5.59568668,-0.229911092,Christian
160,Christian Corleytey Otuteye,Sege,Greater Accra Region,NDC,Christian,Presbyterian,5.889524355,0.389741462,Christian
161,David Tetteh Assumeng,Shai-Osudoku,Greater Accra Region,NDC,Christian,Presby,6.007916486,0.122317138,Christian
162,Kofi Brako,Tema Central,Greater Accra Region,NPP,Christian,LDS,5.651328483,-0.033810294,Christian
163,Daniel Nii Kwartei Titus-Glover,Tema East,Greater Accra Region,NPP,Christian,Miracle Life Gospel Church,5.673548367,0.01927506,Christian
164,Irene Naa Torshie Addo (Mrs),Tema West,Greater Accra Region,NPP,Christian,Baptist,5.638970338,-0.097325762,Christian
165,Moses Anim,Trobu,Greater Accra Region,NPP,Christian,Church of Pentecost,5.692415565,-0.293490784,Christian
166,Rosemund Comfort Abrah (Ms.),Weija-Gbawe,Greater Accra Region,NPP,Christian,Presby,5.559241851,-0.364200904,Christian
167,Dominic B. A. Nitiwul,Bimbilla,Northern Region,NPP,Christian,Catholic,8.843094779,-0.129934356,Islam
168,Joseph Akati Saaka (Alhaji),Bole-Bamboi,Northern Region,NDC,Islam,,8.655004298,-2.259235975,Islam
169,Solomon Namliit Boar,Bunkpurugu,Northern Region,NPP,Christian,N/A,10.45765916,0.063415255,Traditionalist
170,Namoro Sanda Azumah,Chereponi,Northern Region,NPP,Islam,,10.12765666,0.231660881,Islam
171,Abudu Nelson Baani,Daboya-Mankarigu,Northern Region,NDC,Islam,,9.664014167,-1.551613925,Islam
172,Mutawakilu Adam,Damongo,Northern Region,NDC,Islam,,9.180905986,-1.87305166,Islam
173,Matthew Nyindam,Gushegu,Northern Region,NDC,Christian,Church of Christ,10.02590394,-0.164524796,Islam
174,Sualihu Dandaawa Alhassan,Karaga,Northern Region,NDC,Islam,,9.875047178,-0.527275256,Islam
175,Matthew Nyindam,Kpandai,Northern Region,NPP,Christian,Catholic,8.387709122,-0.023552498,Traditionalist
176,Amadu Moses Yahaya,Kumbungu,Northern Region,CPP,Islam,Sunni,9.756809223,-1.110349045,Islam
177,Ahmed Yakubu Alhassan (Dr),Mion,Northern Region,NDC,Islam,Sunni,9.389222963,-0.199110507,Islam
178,Alfred Sugri Tia (Dr),Nalerigu-Gambaga,Northern Region,NDC,Christian,Presbyterian,10.45617337,-0.422512924,Islam
179,Murtala Ibrahim Muhammed,Nanton,Northern Region,NDC,Islam,,9.59814382,-0.688779379,Islam
180,Joseph Nikpe Bukari,Saboba,Northern Region,NDC,Christian,Evangelical Presbyterian,9.673016225,0.180862269,Christian
181,Bashir Fuseini Alhassan,Sagnarigu,Northern Region,NDC,Islam,,9.48812337,-0.660647538,Islam
182,Alhassan Mumuni (Alhaji),Salaga North,Northern Region,NDC,Islam,,8.942265071,-0.536892501,Islam
183,Ibrahim Dey Abubakari (Alhaji),Salaga South,Northern Region,NDC,Islam,,8.38300552,-0.76984839,Islam
184,Mary Salifu Boforo (Hajia),Savelugu,Northern Region,NDC,Islam,,9.854706243,-0.840871862,Islam
185,Donald Dari Soditey,Sawla-Tuna-Kalba,Northern Region,NDC,Christian,Catholic,9.459284455,-2.388774812,Christian
186,Inusah Abdulai B. Fuseini (Alhaji),Tamale Central,Northern Region,NDC,Islam,Sunni,9.447462187,-0.852518859,Islam
187,Dahamani Alhassan,Tamale North,Northern Region,Independent,Islam,Sunni,9.522497353,-0.801767934,Islam
188,Haruna Iddrisu,Tamale South,Northern Region,NDC,Islam,Sunni,9.367807937,-0.775784013,Islam
189,James Cecil Yanwube,Tatale-Sanguli,Northern Region,NPP,Christian,Baptist,9.185587104,0.457122784,Traditionalist
190,Wahab Wumbei Suhiyini,Tolon,Northern Region,NPP,Islam,,9.396945356,-1.057893049,Islam
191,Sagre Bambangi (Dr.),Walewale,Northern Region,NPP,Islam,,10.32734533,-0.851048091,Islam
192,Maban George Laliri,Wulensi,Northern Region,NDC,Christian,Catholic,8.775389473,0.123585996,Traditionalist
193,Mustapha Ussif,Yagaba-Kubori,Northern Region,NPP,Islam,,10.25525505,-1.35853928,Islam
194,Seidu Amadu (Alhaji),Yapei-Kusawgu,Northern Region,NDC,Islam,,8.924204415,-1.323489784,Islam
195,Tijani Habibu Mohammad (Alhaji),Yendi,Northern Region,NPP,Islam,Sunni,9.393573362,0.099586667,Islam
196,Joseph Bipoba Naabu,Yunyoo,Northern Region,NDC,Christian,Catholic,10.49676955,-0.144956219,Islam
197,Jabaah John Bennam,Zabzugu,Northern Region,NPP,Christian,Last Day Gospel Church,9.16484855,0.316292901,Islam
198,Mahama Ayariga,Bawku Central,Upper East Region,NDC,Islam,,10.95692776,-0.308844179,Islam
199,Noah Ben Azure,Binduri,Upper East Region,NDC,Christian,Church of God,11.06294578,-0.052912669,Islam
200,Opam-Brown Emmanuel Akolbire,Bolgatanga Central,Upper East Region,NDC,Christian,Catholic,10.7380149,-0.938339648,Christian
201,Dominic Ayine,Bolgatanga East,Upper East Region,NDC,Christian,Catholic,10.77302883,-0.805952756,Christian
202,Albert Abongo,Bongo,Upper East Region,NDC,Christian,Catholic,10.91381403,-0.793120969,Traditionalist
203,James Agalga,Builsa North,Upper East Region,NDC,Christian,Catholic,10.67856159,-1.333579759,Traditionalist
204,Alhassan Azong,Builsa South,Upper East Region,PNC,Islam,,10.46633004,-1.303328977,Traditionalist
205,Pele Abuga,Chiana-Paga,Upper East Region,NDC,Eckankar,,10.89764072,-1.307358073,Traditionalist
206,Azimbe Dominic Azumah,Garu,Upper East Region,NDC,Christian,Catholic,10.76751914,-0.237199452,Islam
207,Boniface Gambila Adagbila,Nabdam,Upper East Region,NPP,Christian,,10.79872458,-0.655922361,Christian
208,Mark Owen Woyongo,Navrongo Central,Upper East Region,NDC,Christian,Catholic,10.76900224,-1.045000775,Christian
209,Laadi Ayii Ayamba,Pusiga,Upper East Region,NDC,Islam,,11.06775401,-0.201833146,Islam
210,Benson Tongo Baba,Talensi,Upper East Region,NDC,Christian,,10.63608588,-0.722483606,Traditionalist
211,David Adakudugu,Tempane,Upper East Region,NDC,Christian,Assemblies of God,10.91404429,-0.080961974,Islam
212,Apul Cletus Avoka,Zebilla,Upper East Region,NDC,Christian,Catholic,10.82611694,-0.474713674,Christian
213,Mathias Asoma Puozaa,Daffiama-Bussie-Issa,Upper West Region,NDC,Christian,,10.35719161,-2.351313691,Christian
214,Paul Derigubaa,Jirapa,Upper West Region,Independent,Christian, Catholic,10.59957586,-2.589684604,Christian
215,Edward Kaale-Ewola Dery,Lambussie-Karni,Upper West Region,NDC,Christian,,10.86971498,-2.63789034,Christian
216,Samson Abu,Lawra,Upper West Region,NDC,Christian,Catholic,10.65224267,-2.817758238,Christian
217,Alban S. K. Bagbin,Nadowli-Kaleo,Upper West Region,NDC,Christian,Catholic,10.28621425,-2.669300944,Christian
218,Benjamin Bewa-Nyog Kunbuor (Dr.),Nandom,Upper West Region,NDC,Christian,Catholic,10.85950848,-2.789335465,Christian
219,Alijata Sulemana Gbentie (Hajia),Sissala East,Upper West Region,NDC,Islam,,10.63622146,-1.75302673,Islam
220,Amin Amidu Suleimani,Sissala West,Upper West Region,NDC,Islam,,10.72090556,-2.215576649,Islam
221,Abdul-Rashid Pelpuo,Wa Central,Upper West Region,NDC,Islam,,9.974053254,-2.297222186,Islam
222,Ameen Salifu,Wa East,Upper West Region,NDC,Islam,,9.990767543,-1.885636472,Islam
223,Joseph Yieleh Chireh,Wa West,Upper West Region,NDC,Christian,,9.929437097,-2.665728095,Christian
224,Kwame Governs Agbodza,Adaklu,Volta Region,NDC,Christian,,6.339297424,0.648951887,Christian
225,Joseph Z. Amenowode,Afadjato South,Volta Region,NDC,Christian,Global Evangelical Church,6.875702052,0.410205284,Christian
226,Juliana Azumah-Mensah (Mrs),Agotime-Ziope,Volta Region,NDC,Christian,Catholic,6.414999548,0.577888513,Christian
227,Joseph Kwadwo Ofori,Akan,Volta Region,Independent,Christian,,7.742452881,0.499141453,Christian
228,Peter Nortsu-Kotoe,Akatsi North,Volta Region,NDC,Christian,Evangelical Presbyterian,6.26448025,0.825454942,Christian
229,Bernard Ahiafor,Akatsi South,Volta Region,NDC,Christian,"Christ Foundation Ministry, Kwashiaman",6.055061885,0.795608244,Christian
230,Clement Kofi Humado,Anlo,Volta Region,NDC,Christian,Catholic,5.831192715,0.814726406,Christian
231,Emmanuel Kwasi Bandua,Biakoye,Volta Region,NDC,Christian,,7.312608722,0.337758808,Christian
232,Kwasi Ashiamah,Buem,Volta Region,NDC,Unkn,,7.368826027,0.518823869,
233,Joe Kwashie Gidisu,Central Tongu,Volta Region,NDC,Christian,Evangelical Presbyterian,6.148074764,0.588074156,Christian
234,Benjamin Komla Kpodo,Ho Central,Volta Region,NDC,Christian,,6.593869852,0.556272449,Christian
235,Emmanuel Kwasi Bedzrah,Ho West,Volta Region,NDC,Christian,,6.56018204,0.389903968,Christian
236,Bernice Adiku Heloo (Mrs) (PhD),Hohoe,Volta Region,NDC,Christian,Catholic,7.142091472,0.516766112,Christian
237,Richard Mawuli Quashigah,Keta,Volta Region,NDC,Christian,Action Chapel Intl,5.935716826,0.910065705,Christian
238,James Klutse Avedzi,Ketu North,Volta Region,NDC,Christian,Global Evangelical Church,6.153846359,0.970627743,Christian
239,Fiifi Fiavi Kwetey,Ketu South,Volta Region,NDC,Christian,,6.082565677,1.073047946,Christian
240,Della Sowah (Mrs),Kpando,Volta Region,NDC,Christian,Winner's Chapel,6.983902068,0.28201759,Christian
241,Wisdom Gidisu,Krachi East,Volta Region,NDC,Christian,Evangelical Presbyterian,7.738166391,0.216866016,Christian
242,John Majisi,Krachi Nchumuru,Volta Region,NDC,Christian,SDA,7.901686695,-0.007168783,Christian
243,Helen Adjoa Ntoso,Krachi West,Volta Region,NDC,Christian,Barea Christian Centre,8.158324373,-0.07865265,Christian
244,Kwabena Bless John Oti,Nkwanta North,Volta Region,NDC,Christian,,8.509535205,0.362437539,Christian
245,Gershon K. B. Gbediame,NKwanta South,Volta Region,NDC,Christian,Great Commission Church Int.,8.156817975,0.414404891,Christian
246,George Loh,North Dayi,Volta Region,NDC,Christian,Evangelical Presbyterian,6.817129073,0.248161387,Christian
247,Samuel Okudzeto Ablakwa,North Tongu,Volta Region,NDC,Christian,Fountain Gate,6.167674739,0.312514883,Christian
248,Edem Asmah,South Dayi,Volta Region,NDC,Christian,,6.564632679,0.214035479,Christian
249,Kobena Mensah Woyome,South Tongu,Volta Region,NDC,Christian,Winners Chapel Int.,5.969018989,0.662368193,Christian
250,George Kwame Aboagye,Ahanta West,Western Region,NDC,Christian,Methodist,4.849522596,-2.009787098,Christian
251,George Kofi Arthur,Amenfi Central,Western Region,NDC,Christian,Catholic,5.84098797,-2.250345047,Christian
252,Akwasi Opong-Fosu,Amenfi East,Western Region,NDC,Christian,Word Miracle Church International,5.797552601,-2.009582598,Christian
253,Eric Afful,Amenfi West,Western Region,NDC,Christian,,5.605408085,-2.436578088,Christian
254,Mathias Kwame Ntow,Aowin,Western Region,NDC,Christian,Pentecost,5.724290416,-2.705325682,Christian
255,Richard Acheampong,Bia East,Western Region,NDC,Christian,Assemblies of God,6.760667165,-2.968720668,Christian
256,Michael Coffie Boampong,Bia West,Western Region,NDC,Christian,Methodist,6.704352906,-3.14524774,Christian
257,Gyedu Kingsley Aboagye,Bibiani-Anhwiaso-Bekwai,Western Region,NPP,Christian,Methodist,6.284620766,-2.26210825,Christian
258,Sampson Ahi,Bodi,Western Region,NDC,Christian,Anglican,6.249384679,-2.918250583,Christian
259,Joseph Cudjoe,Effia,Western Region,NPP,Christian,,5.072104298,-1.642918792,Christian
260,Emmanuel Armah-Kofi Buah,Ellembelle,Western Region,NDC,Christian,Pentecost,5.161016167,-2.400393751,Christian
261,Joe Ghartey,Essikado-Ketan,Western Region,NPP,Christian,Methodist,5.024948382,-1.626854448,Christian
262,Kweku Tanikyi Kessie,Evalue-Ajomoro-Gwira,Western Region,NDC,Christian,,5.107119246,-2.203862513,Christian
263,Francis K. Anaman (WG. CDR. [RTD]),Jomoro,Western Region,NDC,Christian,Assemblies of God,5.172645772,-2.668265439,Christian
264,Mintah Kwabena Akando,Juaboso,Western Region,NDC,Christian,Anglican,6.46074104,-2.929838974,Christian
265,Joe Baidoe-Ansah,Kwesimintsim,Western Region,NPP,Christian,Catholic,5.023925065,-1.717029346,Christian
266,Alex Kofi Agyekum,Mpohor,Western Region,NPP,Christian,Methodist,5.063199787,-1.818102991,Christian
267,Francis Adu-Blay Koffie,Prestea-Huni Valley,Western Region,NDC,Christian,Living Word International Church,5.46437743,-2.028886821,Christian
268,"Herod Cobbina,",Sefwi Akontombra,Western Region,NDC,Christian,Catholic,6.227181867,-2.544397902,Christian
269,Evans Paul Aidoo,Sefwi Wiawso,Western Region,NDC,Christian,Catholic,6.063697979,-2.797010066,Christian
270,Papa Owusu-Ankomah,Sekondi,Western Region,NPP,Christian,Methodist,4.982974759,-1.69567383,Christian
271,Gabriel Kodwo Essilfie,Shama,Western Region,NDC,Christian,Methodist,5.141182082,-1.561378653,Christian
272,Stephen M. E. K. Ackah,Suaman,Western Region,NDC,Christian,Methodist,5.951089189,-2.977956311,Christian
273,Kwabena Okyere Darko-Mensah,Takoradi,Western Region,NPP,Christian,Methodist,4.940560046,-1.766688645,Christian
274,Gifty Eugenia Kusi (Mrs),Tarkwa-Nsuaem,Western Region,NPP,Christian,Pentecost,5.182473084,-1.947508227,Christian
275,Isaac Adjei Mensah,Wassa East,Western Region,NDC,Christian,Pentecost,5.384999776,-1.662791961,Christian
